Agrane,Agrard,Agrastyr,Agristair,Agristyr,Agrore,Agroryan,Agryctor,Agryn,Agrynak,Agryrick,Agryval,Agrywyr,Alabane,Alabard,Alabastyr,Alabistair,Alabistyr,Alabore,Alaboryan,Alabyctor,Alabyn,Alabynak,Alabyrick,Alabyval,Alabywyr,Andane,Andard,Andastyr,Andistair,Andistyr,Andore,Andoryan,Andyctor,Andyn,Andynak,Andyrick,Andyval,Andywyr,Bedane,Bedard,Bedastyr,Bedistair,Bedistyr,Bedore,Bedoryan,Bedyctor,Bedyn,Bedynak,Bedyrick,Bedyval,Bedywyr,Dunane,Dunard,Dunastyr,Dunistair,Dunistyr,Dunore,Dunoryan,Dunyctor,Dunyn,Dunynak,Dunyrick,Dunyval,Dunywyr,Edwane,Edward,Edwastyr,Edwistair,Edwistyr,Edwore,Edworyan,Edwyctor,Edwyn,Edwynak,Edwyrick,Edwyval,Edwywyr,Gondane,Gondard,Gondastyr,Gondistair,Gondistyr,Gondore,Gondoryan,Gondyctor,Gondyn,Gondynak,Gondyrick,Gondyval,Gondywyr,Mordane,Mordard,Mordastyr,Mordistair,Mordistyr,Mordore,Mordoryan,Mordyctor,Mordyn,Mordynak,Mordyrick,Mordyval,Mordywyr,Perane,Perard,Perastyr,Peristair,Peristyr,Perore,Peroryan,Peryctor,Peryn,Perynak,Peryrick,Peryval,Perywyr,Rodane,Rodard,Rodastyr,Rodistair,Rodistyr,Rodore,Rodoryan,Rodyctor,Rodyn,Rodynak,Rodyrick,Rodyval,Rodywyr,Theodane,Theodard,Theodastyr,Theodistair,Theodistyr,Theodore,Theodoryan,Theodyctor,Theodyn,Theodynak,Theodyrick,Theodyval,Theodywyr,Tristane,Tristard,Tristastyr,Trististair,Trististyr,Tristore,Tristoryan,Tristyctor,Tristyn,Tristynak,Tristyrick,Tristyval,Tristywyr,Uthane,Uthard,Uthastyr,Uthistair,Uthistyr,Uthore,Uthoryan,Uthyctor,Uthyn,Uthynak,Uthyrick,Uthyval,Uthywyr,Crendal,Alodie,Andre,Arnand,Astien,Barnand,Bereditte,Birard,Ciel,Cirges,Danders,Daric,Debentien,Detritus,Dilborn,Elbert,Ernand,Ernard,Faric,Fenas,Ferarilie,Francois,Frizkav,Frostien,Gaban,Geon,Geor,Idhdean,Inwold,Irbran,Jadier,Jeanciele,Jerian,Jocien,Joncis,Juillen,Lanie,Listien,Louis,Manis,Marcel,Mebestien,Merard,Merthierry,Myn,Noleon,Ormax,Orrent,Paur,Perien,Phane,Relien,Rerlas,Roberto,Ruran,Simine,Socucius,Thetrard,Varnis,Verick,Ylbert,Eduard,Gaston,Guilbert,Achille,Aelwin,Alberic,Aleron,Alix,Ambroise,Amiable,Ancus,Andre,Antoine,Astav,Baragon,Barthel,Baurion,Beran,Bradon,Brucetus,Christophe,Claude,Colin,Corrick,Damian,Davide,Didier,Edgar,Ernest,Eugal,Ferrum,Floyd,Francois,Gan,Gaspar,Gepard,Gerard,Grantham,Gregory,Hannibal,Hastrel,Istirus,Jakben,Jauffre,Jean-Pierre,Jhared,Jim,Kastus,Lazare,Lewin,Marc,Marcel,Mathieu,Matthias,Norbert,Ogier,Philip,Renald,Reynald,Roderic,Roland,Rowley,Salomon,Samuel,Sam,Traelius,Theranis,Thorley,Timothee,Ulrich,Vicente,Vincent,Morven,Adeber,Ainethach,Alain,Amaund,Anton,Arniel,Banning,Belchimac,Belethor,Bendt,Blaise,Braig,Brandish,Cedran,Celann,Clinton,Cosnach,Cynric,Dalan,Degaine,Delacourt,Delvin,Donnel,Dorian,Dryston,Duach,Eltrys,Emmanuel,Enmon,Ennoc,Erj,Esmond,Etienne,Francois*,Garvey,Gauldur,Giraud,Glover,Hamelyn,Hathrasil,Herluin,Imedhnain,Jouane,Krag,Louis,Madanach,Malkoran,Maurice,Mercer,Moric,Nepos,Octieve,Odvan,Omluag,Perth,Phinis,Rahd,Rondach,Sam,Sebastian,Staubin,Stromm,Thomas,Tuthul,Tynan,Uraccen,Weylin,Willem,Erwan,Gaston,Gerard,Irvic,Thomas,Alard,Bastibien,Beaucourt,Blaise,Cambio,Donel,Drago,Edgard,Emilien,Geon,Gilles,Giraud,Gregoire,Gustave,Henri,Julien,Joncis,Laurisac,Lucas,Louis,Ludippe,Marane,Marent,Mathias,Olivier,Phillic,Achille,Alain,Alessiac,Aloin,Amberic,Anton,Arcady,Arnaud,Arniel,Audric,Auguste,Avrippe,Axel,Baralyn,Barjot,Berjac,Bernamund,Bertrand,Brice,Charbriel,Charlerel,Cesarel,Clauvis,Clovis,Colane,Colbois,Colwyn,Coyne,Daine,Darien,Dariot,Delric,Delvin,Doumant,Dureau,Elnis,Etienne,Eugien,Eustis,Fabremund,Farelle,Farvour,Federic,Filibert,Foucault,Gaspard,Gastarge,Gaubert,Gavrard,Georges,Gerbert,Gil,Gilgoire,Guillaume,Guilliot,Guy,Guybert,Harcourt,Hervetole,Igmund,Ignace,Javerien,Javier,Jean,Jolippe,Jonne,Kylian,Lanard,Lanis,Lanovic,Leonce,Leonhard,Loic,Loucel,Louic,Lumagne,Mael,Mandel,Marq,Maurice,Maxevain,Michel,Milo,Miquel,Mollier,Nicolas,Noam,Nolore,Padier,Parriot,Pierraud,Pierre,Popeil,Pugereau,Quiston,Rayan,Redwyg,Remy,Rubyn,Ruffe,Sandor,Sebastien,Stelvene,Stephen,Theo,Theodore,Thibaut,Thierry,Timeo,Trystan,Vachel,Vierry,Vincebald,Ylbore,Zackael,Abel,Absolard,Absolet,Achane,Achene,Achibert,Adair,Adalard,Adam,Adeber,Adel,Adistair,Adnot,Adric,Adrien,Adrone,Adwig,Ailex,Aillard,Aime,Aimeric,Ajac,Alabane,Alaird,Albec,Albert,Aldouin,Aleron,Alexain,Alexis,Alfred,Alinon,Alesace,Alessio,Alezan,Allan,Allunen,Alois,Alouis,Alphaury,Alphonse,Altus,Alvaren,Alvuin,Amable,Amaury,Amelus,Amiberl,Anatole,Ancus,Andbert,Andrec,Androche,Androne,Angof,Annibal,Antonin,Aphaurin,Aphren,Arbert,Archimbert,Archimbide,Aresin,Aribert,Armel,Armin,Arnand,Arnitole,Arnoth,Arnousten,Arphevic,Arthur,Asard,Athanin,Athel,Atroque,Aubaud,Auberic,Aude,Auglard,Aveberl,Avent,Averio,Balik,Balin,Banyrick,Barnabe,Bartram,Baryctor,Basile,Basilien,Bastien,Bazler,Beaubel,Beaunois,Bedastair,Begnaud,Benjamin,Benjamund,Benjamyn,Benoit,Benry,Beran,Beric,Berjamund,Belic,Bernard,Bernardine,Bertran,Beryn,Bistrand,Blasius,Blithe,Boeuf,Bric,Bruc,Brulo,Brunile,Bruno,Brussec,Buneau,Cahusque,Calden,Calis,Calixte,Canollot,Caoiss,Cantier,Casimir,Cavot,Celnard,Cesamund,Chantot,Charlebert,Charlemic,Charlemund,Charleric,Charques,Chartrand,Chedric,Chervain,Chrismin,Christoph,Christophe,Churley,Cimon,Claude,Claumin,Clement,Cogline,Colby,Colwin,Condier,Condrenn,Corbyn,Cordier,Corentin,Corlas,Corwyn,Craig,Crenard,Curtice,Cyntoine,Cyrill,Dantoine,Dacele,Daimbert,Dalenc,Damard,Damien,Danders,Danforth,Daniel,Dantoine,Danual,Danwyche,Darcy,Daribert,Dariel,Daro,Darrel,Darren,Darric,Darron,Darryn,Darvell,Davide,Davier,Davyd,Degaratien,Delane,Delven,Ethian,Derrell,Destaine,Destane,Deverak,Deveral,Dhalen,Didier,Dilan,Dimitri,Dorand,Dore,Dorel,Dracien,Dran,Draven,Drivien,Duncan,Dunimond,Dydier,Dyric,Ealis,Edain,Edgar,Edmund,Edouard,Edreld,Edric,Edrien,Edryg,Edweg,Elbert,Ellic,Eloic,Eltrys,Emeric,Emile,Emiliard,Emmandic,Emmerard,Emnard,Emory,Emoryan,Endemel,Ennemond,Enri,Enrick,Erind,Ernard,Ernele,Ernirus,Erold,Escabert,Escamel,Esmond,Esquier,Esteve,Estien,Estienn,Etiache,Evien,Evinn,Evrart,Fabrice,Faric,Felipe,Felyx,Ferou,Ferrand,Filbert,Finious,Florenot,Florent,Fonten,Fontenot,Franck,Francynak,Franque,Frederic,Frederuno,Frencque,Frilan,Frizwyr,Frubert,Frugo,Fugues,Gabin,Gaboryan,Gabrien,Gabryel,Gaffer,Gailen,Gaillard,Ganet,Garbert,Garron,Garth,Garvey,Gascone,Gasparien,Gastau,Gasteau,Gaven,Gavin,Gavric,Gawayne,Gedric,Gelem,Gelvin,Gennove,Geonard,Gepelem,Geraud,Geric,Gernaud,Gerrald,Gessure,Gib,Gierry,Gilbert,Ginus,Giorges,Gitienne,Glaubert,Gondistair,Gordon,Gordyn,Graham,Grancis,Grandeau,Granden,Granier,Gregory,Grivier,Grobert,Grugues,Gryf,Gudyn,Guitaut,Guymund,Guyseph,Gyrard,Hacques,Halar,Hamelyn,Handyn,Hannibal,Harald,Harbin,Haskill,Henrien,Herane,Heron,Herric,Hescot,Heseph,Hierot,Hilaire,Holbert,Hoster,Hubert,Huet,Hughes,Hulbert,Idaron,Igleric,Ignobert,Ilzo,Inwold,Irbran,Irnand,Jac,Jacmund,Jacques,Jadien,Jakarn,Jansen,Janvin,Jarnot,Jascien,Jasper,Javiel,Jean-Jacques,Jerall,Jeran,Jerard,Jeraud,Jeremie,Jerian,Jernald,Jeromec,Jerromec,Jesper,Jimy,Joheric,Joile,Jollivet,Jonah,Jorden,Jorvuld,Jossen,Jowan,Juberic,Juste,Kalhot,Kalin,Kareem,Kasorayn,Kasynac,Kasynak,Kathner,Kauric,Kellis,Kelmen,Kilian,Kip,Kirk,Krasdore,Kurt,Landal,Lanobert,Laroche,Lartigue,Lauric,Laurient,Lazare,Leclaude,Len,Lenet,Lennoc,Leo,Leobert,Leobois,Leon,Leonaud,Leric,Leseph,Lestault,Lewin,Leynard,Liam,Lionel,Lisien,Lonel,Lorant,Lort,Loupel,Louveau,Luc,Lucien,Lureau,Lurelien,Lyam,Maecald,Maldred,Marbet,Marc,Marcel,Marchel,Marco,Marcoryan,Marjaques,Marley,Marnest,Marone,Marrec,Martin,Martine,Mavus,Marwig,Mathieu,Mathon,Mathys,Matthew,Matthiaume,Matthieu,Matys,Maul,Maxelot,Maxim,Mederic,Menehl,Menoit,Merien,Merten,Merthyval,Merton,Michaniel,Michebert,Micholas,Mirten,Mivier,Morric,Morten,Mortine,Morvan,Morven,Munche,Muran,Mylo,Nael,Nak'tah,Nathaniel,Nellic,Nemic,Nepas,Nicholas,Nicolard,Nilas,Nirine,Noah,Noloen,Nombert,Nompar,Octin,Octivien,Odei,Olwin,Omistyr,Ondre,Onfroi,Onri,Ormax,Orrard,Orvel,Oscar,Oscard,Ouard,Oubelic,Ourson,Owayine,Owen,Paldrin,Parelle,Parquier,Parsifal,Pascal,Pascual,Patraud,Paulemond,Paulin,Pavel,Percy,Perien,Perrine,Perrot,Perry,Peryn,Peverel,Phaistyr,Phane,Phelain,Phelibert,Philien,Philimac,Phinis,Pierrand,Pierrant,Pierric,Pierrie,Pilou,Piper,Porthippe,Praxin,Quentin,Quentyn,Quinton,Quintor,Raldan,Rallaume,Ramis,Ranser,Raolin,Raphael,Raylen,Reges,Remic,Remius,Renald,Renard,Renardou,Renchant,Renoit,Renko,Renwic,Rerlas,Reynard,Reynaud,Richard,Richarde,Richien,Richion,Richon,Ricque,Robert,Robier,Robyn,Rocheric,Rodednain,Rodmand,Rodolphe,Rodynak,Rogeraud,Rogier,Rogolphe,Rohlbert,Roland,Rolbert,Romain,Rurestian,Sadun,Saehon,Salach,Salazar,Samiel,Sammis,Sarvith,Sebastian,Serge,Sergerien,Sernays,Serrien,Severin,Silas,Simine,Sirion,Solumor,Sorais,Soran,Sosil,Spencer,Stefan,Stenwick,Stephenn,Stephile,Sternis,Stibbons,Stral,Strastnoc,Sunel,Suriel,Sutler,Sylvain,Syndelius,Tamien,Telfour,Tetra,Tevenot,Theobald,Theomund,Theophile,Therich,Therron,Theyo,Thibauld,Thibault,Thibierry,Thibret,Thierric,Thomase,Thorley,Tildus,Timmon,Timothee,Tolwin,Tom,Topheric,Torvic,Tourvic,Treves,Trierre,Tryste,Tsiniuc,Turenn,Tyree,Usquebald,Usquenot,Utheccan,Vaford,Valcent,Valentois,Vallis,Vance,Varaine,Vardan,Vaurice,Velan,Velian,Ven,Vencobert,Verdrey,Verel,Verney,Veronard,Verrik,Vertrand,Vic,Vicmond,Victraud,Vignac,Vilhim,Vincein,Virgeraud,Virgile,Vontan,Vorthag,Vyctor,Vyrois,Warrane,Wilkes,Willem,William,Wylon,Wynn,Xandier,Xavippe,Yanis,Ylvandre,Yncien,Yngwie,Yugene,Yves,Zacharie,Zaros,Zavierry,Zavour,Zibaran,Antoine,Edrien,Martin,Vilfred,Edgard,Riente,Taig,Vignac,Alain,Cortoran,Faolan,Gallivere,Gilbard,Gryf,Gyron,Hennabear,Horstle,Lywel,Sylon,Wergital,Wynster